<?xml version="1.0" encoding="UTF-8"?>
<project-private xmlns="http://www.netbeans.org/ns/project-private/1">
    <editor-bookmarks xmlns="http://www.netbeans.org/ns/editor-bookmarks/2" lastBookmarkId="0"/>
    <open-files xmlns="http://www.netbeans.org/ns/projectui-open-files/2">
        <group>
            <file>file:/C:/Users/Angelo/Downloads/Escuela/8VO.%20SEMESTRE/Desarrollo%20de%20Aplicaciones%20Empresariales/Electronica/web/clean_list.jsp</file>
            <file>file:/C:/Users/Angelo/Downloads/Escuela/8VO.%20SEMESTRE/Desarrollo%20de%20Aplicaciones%20Empresariales/Electronica/web/WEB-INF/web.xml</file>
            <file>file:/C:/Users/Angelo/Downloads/Escuela/8VO.%20SEMESTRE/Desarrollo%20de%20Aplicaciones%20Empresariales/Electronica/web/jsf/shopCart/List.xhtml</file>
            <file>file:/C:/Users/Angelo/Downloads/Escuela/8VO.%20SEMESTRE/Desarrollo%20de%20Aplicaciones%20Empresariales/Electronica/web/resources/css/home.css</file>
            <file>file:/C:/Users/Angelo/Downloads/Escuela/8VO.%20SEMESTRE/Desarrollo%20de%20Aplicaciones%20Empresariales/Electronica/web/about_us.html</file>
            <file>file:/C:/Users/Angelo/Downloads/Escuela/8VO.%20SEMESTRE/Desarrollo%20de%20Aplicaciones%20Empresariales/Electronica/web/remove_product.jsp</file>
            <file>file:/C:/Users/Angelo/Downloads/Escuela/8VO.%20SEMESTRE/Desarrollo%20de%20Aplicaciones%20Empresariales/Electronica/web/view_products.jsp</file>
            <file>file:/C:/Users/Angelo/Downloads/Escuela/8VO.%20SEMESTRE/Desarrollo%20de%20Aplicaciones%20Empresariales/Electronica/src/java/domainmodel/ShopCartList.java</file>
            <file>file:/C:/Users/Angelo/Downloads/Escuela/8VO.%20SEMESTRE/Desarrollo%20de%20Aplicaciones%20Empresariales/Electronica/web/index.xhtml</file>
        </group>
    </open-files>
</project-private>
